{"cameraMode":{"drawMode":0,"name":"Shaded","section":"Shading Mode"},"sceneLighting":true,"audioPlay":false,"sceneViewState":{"m_AlwaysRefresh":false,"showFog":true,"showSkybox":true,"showFlares":true,"showImageEffects":true,"showParticleSystems":true,"showVisualEffectGraphs":true,"m_FxEnabled":true},"in2DMode":false,"pivot":{"x":5.397426605224609,"y":1.3343548774719239,"z":23.177940368652345},"rotation":{"x":-0.039692990481853488,"y":-0.930857241153717,"z":0.10471337288618088,"w":-0.34834569692611697},"size":1.7744308710098267,"orthographic":true}