{"cameraMode":{"drawMode":0,"name":"Shaded","section":"Shading Mode"},"sceneLighting":false,"audioPlay":false,"sceneViewState":{"m_AlwaysRefresh":false,"showFog":false,"showSkybox":false,"showFlares":false,"showImageEffects":false,"showParticleSystems":false,"showVisualEffectGraphs":true,"m_FxEnabled":true},"in2DMode":false,"pivot":{"x":3.5762786865234377e-7,"y":0.9104899764060974,"z":-0.12563791871070863},"rotation":{"x":-0.007694947998970747,"y":0.9895272850990295,"z":-0.13228784501552583,"w":-0.057520829141139987},"size":1.2209076881408692,"orthographic":false}