{"cameraMode":{"drawMode":0,"name":"Shaded","section":"Shading Mode"},"sceneLighting":false,"audioPlay":false,"sceneViewState":{"m_AlwaysRefresh":false,"showFog":false,"showSkybox":false,"showFlares":false,"showImageEffects":false,"showParticleSystems":false,"showVisualEffectGraphs":true,"m_FxEnabled":true},"in2DMode":false,"pivot":{"x":-0.17243540287017823,"y":-0.43284866213798525,"z":-2.2248752117156984},"rotation":{"x":0.0038018596824258568,"y":0.9927996397018433,"z":-0.11518054455518723,"w":0.03277426213026047},"size":1.829689860343933,"orthographic":false}